대단원,중단원,개념 키워드,문제 내용,모범 답안,해설
총론 및 가설공사,입찰/계약,입찰방식 종류,공사현장이 소재하는 지역에 주된 사무소를 둔 업체만을 대상으로 입찰 참가자격을 제한하는 입찰방식은?,지역제한경쟁입찰,소규모 공사를 해당 지역업체가 수주하도록 유도하여 지역 경제를 활성화하는 제도입니다.
총론 및 가설공사,입찰/계약,입찰방식 분류,다음 조건에 해당하는 입찰방식의 종류를 각각 쓰시오. (1) 입찰참가자를 공모하여 유자격자에게 모두 참가기회를 주는 방식 (2) 해당 공사에 가장 적격하다고 인정되는 3~7개 시공회사를 선정하여 입찰시키는 방식 (3) 건축주가 적합한 1개의 시공회사를 지명하여 계약하는 방식,(1) 공개경쟁입찰 (2) 지명경쟁입찰 (3) 특명입찰(수의계약),건축기사 실기 시험에 자주 출제되는 발주 및 입찰방식의 기본 분류입니다.
총론 및 가설공사,입찰/계약,민간투자사업(BTO),"민간이 자금을 투자해 사회기반시설을 건설(Build)하고, 일정 기간 직접 운영(Operate)하여 수익을 낸 후 국가에 소유권을 이전(Transfer)하는 방식의 명칭은?",BOT(Build-Operate-Transfer),수익형 민간투자사업의 대표적인 추진 방식입니다.
총론 및 가설공사,입찰/계약,낙찰자 결정방식,"공공공사 입찰 시 최저가 낙찰제의 폐단을 막기 위해, 입찰 가격과 시공 업체의 계약 수행 능력을 종합적으로 심사하여 낙찰자를 결정하는 제도를 각각 쓰시오.",(1) 적격낙찰제도 (2) 종합심사낙찰제도,덤핑 입찰을 방지하고 적정한 공사비를 확보하기 위한 대표적인 낙찰 제도입니다.
총론 및 가설공사,입찰/계약,민간투자사업(BTL),"민간 자본으로 시설을 완공한 후 국가나 지자체에 소유권을 양도(Transfer)하고, 정부가 시설을 임대하여 사용료를 지급함으로써 투자비를 회수하는 민간투자 방식은?",BTL(Build-Transfer-Lease),임대형 민간투자사업의 대표적인 방식입니다.
총론 및 가설공사,입찰/계약,공동도급 문제점,"공동도급으로 공사를 수주한 후, 주간사(대표사) 한 회사가 공사 전체를 시공하고 나머지 공동수급체 구성원은 서류상으로만 참여하여 배당금만 챙기는 형식적인 공동도급 운영 방식을 무엇이라 하는가?",페이퍼 조인트(Paper Joint),"공동도급 제도의 부작용 중 하나로, 무자격 하도급과 유사한 문제를 야기합니다."
총론 및 가설공사,입찰/계약,공사계약 방식,"발주자와 시공자가 사전에 공사비를 확정하지 않고, 공사 진행에 소요된 실제 비용(실비)에 시공 보수율을 가산하여 정산하는 계약 방식의 명칭은?",실비·비율 보수가산식,설계가 불완전하거나 긴급 복구 공사 등에 주로 적용되는 계약 방식입니다.
총론 및 가설공사,가설공사,추락 및 낙하 방지시설,"공사장 상부에서 자재나 공구 등이 떨어져 작업자나 통행인에게 가해지는 피해를 방지하기 위해 설치하는 수평 그물망과, 비계 내·외측에 설치하여 파편이나 낙하물로부터 보호하는 선반 시설의 명칭은?",낙하물방지망 / 방호선반,건설현장 안전사고 예방을 위한 필수 가설 안전시설입니다.
총론 및 가설공사,가설공사,비계의 종류,"고층 건물 외벽 마감이나 상부 작업 시 상부에서 와이어로프 등으로 매달아 사용하는 비계와, 실내 내장 및 도배 작업 등 비교적 낮은 높이에서 이동하며 사용하는 작업발판의 명칭은?",(1) 달비계 (2) 말비계,작업 환경과 높이에 따라 적절히 선택하여 사용하는 가설 비계의 종류입니다.
총론 및 가설공사,가설공사,가설출입구 계획,공사 초기 현장 출입구(Gate) 위치를 선정할 때 고려해야 가질 핵심 검토 사항 3가지를 쓰시오.,1. 현장 접근이 용이하고 자재 야적 및 반출입에 유리한 위치 2. 주변 교통상황과 도로 소통에 지장을 주지 않는 위치 3. 진입 유효폭과 전면 도로폭에 따른 충분한 진입각도 고려,현장 물류 효율성과 보행자 및 차량 안전을 위해 출입구 계획 시 반드시 검토되어야 합니다.
총론 및 가설공사,공정관리,품질관리 기법(TQC 7도구),품질관리(TQC) 활동 시 데이터를 수집하고 통계적으로 분석하기 위해 활용되는 대표적인 7가지 도구 중 4가지를 쓰시오.,"1. 히스토그램 2. 파레토도 3. 특성요인도 4. 체크시트 (추가: 산점도, 관리도, 층별)",공정 및 품질의 문제점을 분석하고 개선하기 위한 통계적 품질관리 기법입니다.
총론 및 가설공사,공정관리,품질관리 도구 특성,다음 품질관리(TQC) 도구들의 주된 용도를 각각 간단히 설명하시오. (1) 파레토도 (2) 특성요인도 (3) 산점도,(1) 불량품 발생 원인이나 크기순으로 데이터를 나열하여 시각화 (2) 결과와 이에 미치는 원인 간의 관계를 생선뼈 모양으로 정리 (3) 대응되는 두 변수의 상관관계를 점으로 나타내어 분석,품질 데이터의 시각화와 원인 분석을 위해 사용하는 기법들입니다.
총론 및 가설공사,공정관리,공정관리 기법(LOB),"고층 아파트나 오피스 건물처럼 동일한 작업이 층별로 반복되는 공사에서, 각 작업조의 생산성을 기울기로 하여 전체 공정의 진행 상황을 도식화하고 균형을 맞추는 공정관리 기법의 명칭은?",LOB(Line Of Balance) 공법,반복 공정의 능률을 극대화하고 공기 지연을 방지하기 위한 공정 관리 도구입니다.
총론 및 가설공사,기타,법정 안전계획서,"건축공사 착공 전 건설기술진흥법에 따라 현장의 잠재적 위험요소를 발굴하고 대책을 수립하는 계획서와, 산업안전보건법에 따라 유해·위험 작업의 안전성을 사전 심사받기 위해 제출하는 계획서의 명칭은?",(1) 안전관리계획서 (2) 유해·위험방지계획서,대형 건설 현장에서 법적으로 의무 제출해야 하는 대표적인 안전 관련 서류입니다.
총론 및 가설공사,기타,품질관리 계획 항목,건설공사 시공 중 품질 확보를 위해 작성하는 '품질관리계획서'에 필수적으로 포함되어야 하는 기재 항목 3가지를 쓰시오.,1. 건설공사 정보 2. 품질방침 및 목표 3. 현장조직관리 (또는 문서관리),현장의 품질경영 체계를 확립하기 위해 착공 전에 수립하는 문서의 기본 구성입니다.
총론 및 가설공사,기타,설계·시공 동시진행,"공기 단축을 목적으로 건물의 설계가 완전히 끝나기 전, 설계가 완료된 부분부터 순차적으로 발주 및 시공을 병행하여 진행하는 공사 추진 방식을 무엇이라 하는가?",Fast Track Method (패스트 트랙 공법),초대형 프로젝트나 공기 단축이 지상 과제인 현장에서 주로 채택하는 방식입니다.
토공사 및 기초공사,지반조사/시험,평판재하시험 기준,"지반의 허용 지내력을 구하기 위해 실시하는 평판재하시험에서, 하중을 재하하는 동안 최종 침하량 및 하중 조건의 한계 기준을 쓰시오.","허용하중의 3배 이상 재하, 누적 침하량이 재하판 지름의 10%를 초과하지 않는 범위 내에서 측정",지반의 지지력을 현장에서 직접 확인하기 위한 재하시험의 종료 및 판정 기준입니다.
토공사 및 기초공사,지반조사/시험,보링(Boring) 공법 분류,지반 조사 시 구멍을 뚫는 보링 방법 중 다음 설명에 해당하는 공법을 각각 쓰시오. (1) 충격날을 낙하하여 파쇄된 토사를 퍼내는 방식 (2) 비트의 회전력으로 천공하며 토층 교란이 비교적 적은 방식 (3) 물과 관을 동시 이용하여 흙을 지상으로 배출하는 방식,(1) 충격식 보링 (2) 회전식 보링 (3) 수세식 보링,지층의 구성 상태와 시료 채취를 위해 사용하는 대표적인 천공 조사법입니다.
토공사 및 기초공사,지반조사/시험,표준관입시험(SPT) 조건,"사질토 지반의 상대밀도와 지지력을 파악하기 위한 표준관입시험(SPT)에서, 해머의 질량, 낙하 높이, 그리고 표준 샘플러를 300mm 관입시키기 위한 타격 횟수를 측정할 때의 기준 규격을 쓰시오.","해머 질량 63.5±0.5kg, 낙하 높이 760±10mm, 관입 깊이 300mm",현장 지반 시험 중 가장 널리 쓰이는 표준관입시험의 표준화된 규격입니다.
토공사 및 기초공사,지반조사/시험,토질 시험 및 조사 매칭,다음 토질 조사 및 시험 항목에 가장 알맞은 시험 방법이나 조사를 각각 연결하여 쓰시오. (1) 연한 점토의 점착력 측정 (2) 사질토 지반의 지내력 측정 (3) 지하수 중 염분 성분 분석,(1) 베인시험 (2) 표준관입시험 (3) 정량분석시험,토질의 공학적 성질을 규명하기 위해 현장 및 실내에서 실시하는 시험 종류입니다.
토공사 및 기초공사,지반조사/시험,압밀과 다짐의 비교,토공사에서 흙을 압축시키는 원리인 '압밀(Consolidation)'과 '다짐(Compaction)'의 메커니즘 차이점을 간단히 비교하여 설명하시오.,"압밀은 포화된 점토지반에 외력을 가해 흙 속의 간극수를 배출시키는 것이며, 다짐은 사질지반 등에 외력을 가해 흙 입자 사이의 공기를 배출시켜 밀실하게 만드는 것이다.","흙의 공학적 거동에서 물을 빼느냐(압밀), 공기를 빼느냐(다짐)의 차이점입니다."
토공사 및 기초공사,흙막이/기초공사,웰포인트(Wellpoint) 공법,"사질토 지반에서 지하수위가 높아 굴착 바닥면이 불안정할 때, 여러 개의 웰포인트 파이프를 박고 강제로 지하수를 흡입·배수하여 지반 안정을 도모하는 공법의 주된 목적은?",지하수위를 저하시켜 보일링 현상을 방지하고 굴착면의 안정을 확보하기 위함,지하수 제어가 필수적인 연약지반 굴착 현장에서 널리 쓰이는 배수 공법입니다.
토공사 및 기초공사,흙막이/기초공사,샌드 드레인(Sand Drain) 공법,"연약한 점토 지반에 대형 모래 기둥을 조성하고 상부에 성토 하중을 가하여, 점토 속의 수분을 빠르게 배출시켜 지반을 강화하는 공법의 명칭과 목적은?",샌드 드레인 공법 / 점토 지반의 압밀 촉진 및 강도 증가,점성토 지반의 연약함을 극복하기 위해 압밀 시간을 단축시키는 대표적인 연약지반 개량법입니다.
토공사 및 기초공사,흙막이/기초공사,지반 붕괴 및 파괴 현상,지하 굴착 공사 시 발생할 수 있는 다음 지반 현상들을 각각 설명하시오. (1) 히빙 (2) 파이핑 (3) 보일링,(1) 히빙: 연약 점토지반에서 굴착 바닥면 안팎의 토압 차이로 저면이 부풀어 오르는 현상 (2) 파이핑: 지하수 흐름으로 인해 흙막이 벽 뒷면 모래가 유실되어 구멍이 생기는 현상 (3) 보일링: 사질토 지반에서 지하수 침투압에 의해 모래와 물이 함께 솟아오르는 현상,흙막이 공사 시 가장 주의해야 할 3대 지반 불안정 현상입니다.
토공사 및 기초공사,흙막이/기초공사,슬러리월(Slurry Wall) 공법,현장조성 철근콘크리트 연속벽체인 슬러리월 공법의 장점과 단점을 각각 2가지씩 쓰시오.,장점: 1. 벽체의 강성이 크고 차수성이 우수함 2. 인접 건물에 미치는 소음·진동이 적음 / 단점: 1. 패널 간 조인트 부위의 수평 연속성이 부족할 수 있음 2. 시공 비용이 고가임,도심지 대형 건축물 지하 굴착 시 주변 지반 침하를 막기 위해 널리 사용되는 공법입니다.
토공사 및 기초공사,흙막이/기초공사,SPS(Strut as Permanent System) 공법,탑다운(Top-down) 공법의 장점을 살려 가설 버팀대 대신 철골 기둥과 보를 영구 구조물로 이용하여 흙막이를 지지하면서 상·하부 동시 축조하는 공법의 특징 3가지를 쓰시오.,1. 가설 지지체의 설치 및 해체 공정이 불필요하여 공기 단축 2. 작업 공간을 넓게 확보하여 후속 공정 유리 3. 지반 조건에 크게 구애받지 않고 시공 가능,공기 단축과 경제성을 동시에 추구하는 현대 도심지 흙막이 및 골조 공법입니다.
토공사 및 기초공사,흙막이/기초공사,기초와 지정의 정의,"건축물 하중을 최종적으로 지반에 안전하게 전달하는 최하부 구조 부재인 '기초'와, 그 기초를 지지하기 위해 하부에 깔아주는 버림콘크리트, 말뚝 등을 통칭하는 '지정'의 차이를 설명하시오.","기초는 상부 하중을 지반에 전달하는 구조체이며, 지정은 기초판을 안전하게 지지하기 위해 그 하부에 시공하는 보강 부위이다.",상부 하중 전달 체계에서 기초와 그 하부 지지 구조의 명확한 개념 구분입니다.
토공사 및 기초공사,흙막이/기초공사,흙막이 계측기기 종류,흙막이 공사 현장 및 인접 건물의 안전을 모니터링하기 위해 설치하는 다음 계측기들의 용도를 각각 쓰시오. (1) 간극수압계 (2) 지중침하계,(1) 지반 내 상향 수압(간극수압)의 변화를 측정하여 지반 안정성 파악 (2) 각 지층별 수직 변위 및 침하량을 측정하여 지반 변형 모니터링,안전사고 예방과 실시간 거동 관측을 위한 필수 흙막이 계측 장비입니다.
토공사 및 기초공사,흙막이/기초공사,마이크로 파일(Micro Pile) 공법,기존 건물의 기초 보강이나 협소한 도심지 현장에서 소구경 천공 장비로 구멍을 뚫고 철근망 및 고강도 모르타르를 주입하여 시공하는 소구경 말뚝의 정의와 장점을 쓰시오.,(1) 정의: 300mm 이하의 소구경으로 천공 후 강봉/철근을 넣고 시공하는 기초 말뚝 (2) 장점: 협소한 공간에서 시공 가능하며 깊이 제한이 적음,공간 제약이 심한 현장에서 기존 기초를 보강할 때 주로 채택하는 공법입니다.
토공사 및 기초공사,흙막이/기초공사,CIP 공법 특성,현장조성 콘크리트 파일(Cast In Place Pile)을 연속적으로 배치하여 주열식 흙막이 벽체를 형성하는 CIP 공법의 시공 순서 및 특징을 설명하시오.,"로터리 보링기로 지반을 천공한 후, 철근망을 넣고 자갈을 채운 뒤 모르타르를 주입하여 현장 말뚝 벽체를 조성하는 공법",소음과 진동이 비교적 적어 도심지 주열식 흙막이로 광범위하게 쓰입니다.
토공사 및 기초공사,흙막이/기초공사,히빙(Heaving) 방지 대책,연약한 점토 지반을 굴착할 때 흙막이 벽체 하부가 밀려들어와 바닥이 부풀어 오르는 '히빙' 현상을 방지하기 위한 대책 3가지를 쓰시오.,1. 흙막이 벽의 근입장을 깊게 연장한다. 2. 굴착 시 아일랜드(Island) 공법 등 분할 굴착을 채택한다. 3. 굴착 바닥면 또는 주변 지반을 개량하여 강도를 높인다.,연약지반 굴착 시 전단 파괴를 막기 위한 대표적인 안정화 조치입니다.
토공사 및 기초공사,흙막이/기초공사,어스앵커(Earth Anchor) 공법,"타이백(Tie-back) 시스템의 일종으로, 흙막이 벽체에 구멍을 뚫고 강선을 삽입한 뒤 그라우팅하여 긴장재의 인장력으로 토압을 지지하는 어스앵커 공법의 특징 4가지를 쓰시오.",1. 내부 버팀대가 없어 굴착 작업 공간을 넓게 활용 가능 2. 좁은 부지에서도 시공 용이 3. 대형 장비 반입 및 토공 작업 효율성 향상 4. 시공 후 인장력 검사가 다소 까다로움,내부에 지지 가설재가 없어 대형 현장에서 작업 효율성이 매우 높은 흙막이 공법입니다.
토공사 및 기초공사,흙막이/기초공사,기성 말뚝 타입공법 검사 항목,"공장에서 제작한 기성 말뚝을 해머로 타격하여 시공하는 타입(Type) 공법 완료 후, 시공 품질을 검사하기 위해 확인해야 할 핵심 사항 3가지를 쓰시오.",1. 말뚝의 최종 관입량 및 리바운드 체크 2. 말뚝의 시공 심도(길이) 3. 설계 위치와의 편차(위치 측량) 및 지지력 확인,말뚝 파손 여부와 설계 지지력 확보를 검증하기 위한 필수 검사 항목입니다.
토공사 및 기초공사,흙막이/기초공사,되메우기 다짐 기준,"기초 및 지하구조물 시공 후 흙이나 모래로 되메우기 공사를 할 때, 일반 토사로 다질 경우의 시공 두께 및 다짐 밀도 기준을 쓰시오.",일반 흙으로 되메우기 할 경우 약 300mm 두께마다 다짐을 수행하여 소요 다짐밀도(95% 이상)를 만족하도록 한다.,불량 다짐으로 인한 사후 지반 침하 및 하부 구조물 파손을 막기 위한 시공 기준입니다.
토공사 및 기초공사,흙막이/기초공사,지하연속벽 안정액(Slurry) 기능,슬러리월(Slurry Wall) 공사 시 굴착 중인 트렌치 내부에 채워 넣는 벤토나이트 등 안정액이 수행하는 핵심 기능 2가지를 쓰시오.,1. 굴착 중인 벽면의 토압을 지지하여 붕괴 방지 2. 굴착된 토사를 안정액과 함께 부유시켜 지상으로 분리·배출,슬러리월 공법의 성패를 좌우하는 트렌치 공벽 유지 및 청소용 안정액의 역할입니다.
토공사 및 기초공사,흙막이/기초공사,지하구조물 부력 방지 대책,"지하수위가 높은 대지에서 지하층을 시공할 때, 구조물이 지하수압(부력)으로 인해 위로 뜨는 현상(부상)을 방지하기 위한 대책 3가지를 쓰시오.",1. 영구배수시설을 설치하여 지하수를 강제로 외부로 배수 2. 앵커 공법을 적용하여 하부 지반에 고정 3. 구조물 자체의 자중을 증대시켜 부력에 대항하게 함,지하수압이 작용하는 구조물의 안정성 확보를 위한 필수 설계 및 시공 대책입니다.
토공사 및 기초공사,흙막이/기초공사,부동침하 방지 기초 대책,건축물 기초 설계 및 시공 시 지반의 성격 차이나 하중 불균형으로 인한 부동침하를 방지하기 위해 기초 구조적 측면에서 취할 수 있는 조치 2가지를 쓰시오.,1. 마찰말뚝을 사용하고 성격이 다른 서로 다른 종류의 말뚝 혼용을 금지한다. 2. 온통기초(Mat Foundation)를 적용하여 하중을 분산시킨다.,부동침하로 인한 균열 및 구조물 손상을 억제하기 위한 구조적 대응 방안입니다.
토공사 및 기초공사,흙막이/기초공사,연약지반 배수공법 종류,점성토 지반의 연약층에서 공극수를 배출시켜 압밀을 촉진하는 대표적인 드레인(Drain) 계열의 지반 개량 공법 3가지를 쓰시오.,1. 샌드 드레인 공법 2. 팩 드레인 공법 3. 페이퍼 드레인 공법,모래나 합성 자재를 지중에 삽입하여 수평 배수 경로를 단축시키는 연약지반 개량 공법들입니다.
토공사 및 기초공사,흙막이/기초공사,배수용 보드재,"지하구조물 옹벽 외부에 쇄석을 채우는 대신, 롤 형태의 플라스틱 판재를 부착하여 벽체 유입 물을 신속하게 하부로 배수시키는 자재의 명칭은?",드레인보드(Drain Board),지하 외벽 방수 및 배수 효율을 높이기 위해 사용하는 판상형 배수재입니다.
철근콘크리트공사,철근/거푸집,피복두께의 주된 목적,철근콘크리트 구조물에서 철근 주위에 일정한 두께의 콘크리트 피복을 유지하는 주된 목적 2가지를 쓰시오.,1. 콘크리트 중성화 지연 및 방지 2. 철근의 부식 방지 및 내구성 확보,화재나 외기 노출로부터 철근을 보호하고 구조물의 수명을 연장하기 위한 필수 조건입니다.
철근콘크리트공사,철근/거푸집,시스템 거푸집 종류,"건축 현장에서 공기 단축과 품질 향상을 위해 사용하는 특수 거푸집 중, (1) 거푸집을 연속적으로 끌어올리며 시공이음 없이 타설하는 방식과 (2) ㄱ자 또는 ㄷ자 형태로 제작하여 한 구획 전체를 한번에 인양하는 방식의 명칭은?",(1) 슬라이딩폼 (Sliding Form) (2) 터널폼 (Tunnel Form),현대 아파트 및 고층 건물 골조 공사에 광범위하게 적용되는 시스템 거푸집입니다.
철근콘크리트공사,철근/거푸집,콘크리트 장기처짐 계산,"단순보 구조에서 인장철근만 배근된 보의 순간처짐이 5mm로 측정되었을 때, 5년 이상 장기 지속하중이 작용할 경우의 총처짐량을 산정하시오.",총처짐량 = 15mm (장기처짐계수 2.0 적용 시 순간처짐 + 장기처짐 = 5 + 5 * 2.0 = 15mm),콘크리트의 크리프 및 건조수축에 따른 장기 변형을 고려한 처짐 산정 공식입니다.
철근콘크리트공사,철근/거푸집,슬래브 판방향성 구분,철근콘크리트 슬래브 구조에서 하중이 사방으로 전달되는 2방향 슬래브와 한 방향으로만 전달되는 1방향 슬래브를 판의 변장비(장변/단변)로 구분하는 기준을 쓰시오.,1방향 슬래브: 장변/단변 > 2 / 2방향 슬래브: 장변/단변 ≤ 2,슬래브의 형상비에 따라 휨모멘트 전달 방향을 판정하는 구조 기준입니다.
철근콘크리트공사,철근/거푸집,철근 조립 순서,일반적인 철근콘크리트 구조물에서 최하부 기초 완료 후 2층 바닥 슬래브까지의 일반적인 철근 배근 및 조립 순서를 쓰시오.,기초철근 조립 -> 기둥철근 조립 -> 벽체철근 조립 -> 보 및 바닥 슬래브 철근 조립,구조 부재의 하중 전달 및 안정성을 고려한 골조 현장의 표준 철근 조립 순서입니다.
철근콘크리트공사,철근/거푸집,기둥 띠철근(Hoop)의 역할,철근콘크리트 기둥에서 주철근 외곽을 감싸는 띠철근(Hoop Bar)의 주요 역할 2가지를 쓰시오.,1. 주철근의 좌굴 방지 2. 횡력(전단력)에 대한 전단 보강,기둥의 압축 강도와 연성을 높여주는 필수 횡방향 보강 철근입니다.
철근콘크리트공사,철근/거푸집,플랫슬래브 전단보강,보가 없는 플랫플레이트(Flat Plate) 또는 플랫슬래브 구조에서 2방향 전단 파괴에 대비한 보강 방법 4가지를 쓰시오.,1. 슬래브의 두께를 증가시킨다. 2. 지판(Drop Panel) 또는 기둥머리(Column Capital)를 설치한다. 3. 기둥 주변 슬래브 영역에 스터럽 등으로 전단 보강한다. 4. 전단머리(Shear Head)를 매입한다.,보가 없어 전단 취성 파괴 위험이 큰 플랫구조의 대표적인 안전 보강 기법입니다.
철근콘크리트공사,철근/거푸집,잭 서포트(Jack Support) 설치,"지하주차장 상부 슬래브 등에서 거푸집 동바리를 해체한 직후, 후속 공정의 하중 및 차량 진동 등으로 인한 균열을 방지하기 위해 추가로 설치하는 가설 지주의 명칭과 설치 위치를 쓰시오.",(1) 명칭: 잭 서포트 (2) 설치 위치: 보 및 바닥판의 중앙부 하단,콘크리트가 완전한 강도를 발휘하기 전 초기 하중으로 인한 처짐과 균열을 막기 위한 보조 지주입니다.
철근콘크리트공사,철근/거푸집,철근 순 간격 규정,건축공사표준시방서에서 규정하는 철근의 수평 및 수직 순간격 결정 원칙 3가지를 빈칸에 알맞은 기준으로 쓰시오.,1. 굵은골재 최대치수의 1.3배 이상 2. 25mm 이상 3. 이형철근 공칭직경의 1배 이상,콘크리트 타설 시 철근 사이로 골재가 원활히 통과하여 밀실하게 채워지도록 하기 위한 최소 간격 기준입니다.
철근콘크리트공사,철근/거푸집,라멘조 기둥 철근 이음 위치,라멘 구조의 철근콘크리트 기둥에서 주철근의 횡방향 겹치기 이음 위치로 가장 적절한 곳과 그 이유는 무엇인가?,(1) 이음 위치: 기둥 중앙부 (2) 이유: 중앙부는 휨모멘트 및 응력이 가장 작게 작용하는 구간이기 때문이다.,기둥 부재의 응력 분포를 고려하여 주철근 이음부의 구조적 안전성을 확보하기 위한 위치 선정입니다.
철근콘크리트공사,철근/거푸집,솟음(Camber)과 토핑 콘크리트,다음 건축 시공 용어들의 개념을 각각 설명하시오. (1) 솟음 (2) 토핑 콘크리트,(1) 솟음(Camber): 보나 트러스 등의 처짐을 예상하여 시공 시 미리 상향으로 들어 올려 시공하는 것 (2) 토핑 콘크리트: 바닥판 상부에 레벨 조정이나 하중 분산을 위해 추가로 타설하는 콘크리트,구조물의 처짐 보정과 바닥 마감을 위한 시공 세부 기법입니다.
철근콘크리트공사,철근/거푸집,벽체 전용 시스템 폼,고층 아파트 외벽 등 수직 벽체 시공 시 이음매가 없고 콘크리트 표면이 수밀하며 시공성을 극대화하는 벽체 전용 시스템 거푸집 종류 3가지를 쓰시오.,1. 갱폼 (Gang Form) 2. 클라이밍 폼 (Climbing Form) 3. 슬라이딩 폼 (Sliding Form),현대 건축 현장에서 인건비 절감과 공기 단축을 위해 필수적으로 사용하는 대형 거푸집입니다.
철근콘크리트공사,철근/거푸집,T형보 플랜지 유효폭 기준,철근콘크리트 구조의 T형보에서 압축력을 받는 플랜지(슬래브)의 유효폭을 산정할 때 적용하는 3가지 기준 조건을 쓰시오.,"1. 16t + bw (t는 슬래브 두께, bw는 보의 폭) 2. 양쪽 슬래브 중심간 거리 3. 보의 전체 경간(Span)의 1/4",T형보 해석 시 플랜지가 휨에 유효하게 저항하는 폭을 결정하기 위한 기준입니다.
철근콘크리트공사,콘크리트 배합/재료,레미콘 규격 읽기,현장에 반입된 레디믹스트 콘크리트 송장에 '보통 25-24-150'으로 표기된 규격의 각 항목이 뜻하는 바를 정확히 쓰시오.,1. 보통: 콘크리트 종류 2. 25mm: 굵은골재 최대치수 3. 24MPa: 호칭강도 4. 150mm: 슬럼프 값,레미콘 주문 규격이 현장 설계 조건과 일치하는지 인수 시 확인하는 핵심 지표입니다.
철근콘크리트공사,콘크리트 배합/재료,골재의 함수 상태 용어,"골재 내부의 공극이 물로 가득 차 있고 표면에는 물이 없는 이상적인 상태인 '표면건조내부포수상태'와, 골재 내부와 표면 모두에 수분이 포함된 전체 습윤 상태의 명칭과 정의를 쓰시오.",(1) 흡수량 (표면건조포수상태 기준 수분량) (2) 함수량 (습윤상태의 총 수분량),배합 설계 시 골재가 품은 수분량을 정확히 보정하기 위한 기준 상태 정의입니다.
철근콘크리트공사,콘크리트 배합/재료,물-시멘트비 및 물-결합재비,콘크리트 배합 시 품질과 강도를 좌우하는 지표인 (1) 물-시멘트비와 (2) 물-결합재비의 정의를 각각 쓰시오.,(1) 물-시멘트비: 시멘트 질량에 대한 물의 질량 백분율 (2) 물-결합재비: 시멘트 및 혼화재를 포함한 전체 결합재 질량에 대한 물의 질량 백분율,콘크리트의 수밀성과 압축강도를 결정하는 가장 중요한 배합 설계 요소입니다.
철근콘크리트공사,콘크리트 배합/재료,레미콘 배합 기준 용어,레디믹스트콘크리트 배합 설계 기준에서 골재의 수분 상태를 고려할 때 적용하는 기준 용어 3가지를 빈칸에 맞게 쓰시오.,1. 표면건조포수상태 2. 절대건조상태 3. 물-결합재비,배합 계산의 정확성을 기하기 위해 사용하는 표준 토목건축 공학 용어입니다.
철근콘크리트공사,콘크리트 배합/재료,레미콘 호칭 규격 (25-30-180),레미콘 규격 '25-30-180'에 포함된 세 가지 수치가 각각 의미하는 내용을 쓰시오.,1. 25: 굵은골재 최대치수 25mm 2. 30: 호칭강도 30MPa 3. 180: 슬럼프 180mm,현장 반입 콘크리트의 품질 규격을 판독하는 기본 방식입니다.
철근콘크리트공사,콘크리트 시공/양생,한중콘크리트 적산온도,기온이 영하로 떨어지는 동절기에 시공하는 한중콘크리트에서 '적산온도'의 개념과 이를 활용하는 주목적을 쓰시오.,(1) 개념: 양생 기간 동안의 일평균 온도와 경과 시간의 곱을 합산한 값 (2) 목적: 초기 동해 방지 여부 및 거푸집 해체 시기 결정,저온 환경에서 콘크리트의 강도 발현 예측과 품질관리를 위해 산출하는 지표입니다.
철근콘크리트공사,콘크리트 시공/양생,레미콘 공장 선정 기준,현장에서 레디믹스트 콘크리트 공장을 선정하거나 계약할 때 반드시 검토해야 할 유의사항 3가지를 쓰시오.,1. 현장까지의 운반 소요 시간 및 타설 제한 시간 준수 여부 2. 레미콘 제조 공장의 1시간당 생산 능력 3. 원활한 타설을 위한 운반 믹서트럭 배차 대수,콘크리트의 품질 변질(응결 지연 등)을 막고 연속 타설을 보장하기 위한 선정 기준입니다.
철근콘크리트공사,콘크리트 시공/양생,콘크리트 줄눈(Joint) 종류,"콘크리트 구조물에서 건조수축, 온도 변화, 시공 계획 등에 의해 발생하는 균열을 제어하기 위해 설치하는 줄눈(Joint)의 종류 4가지를 쓰시오.","조절줄눈, 신축줄눈, 시공줄눈, 미끄럼줄눈",콘크리트의 응력 분산과 부재 변형을 수용하기 위해 인위적으로 설치하는 이음매입니다.
철근콘크리트공사,콘크리트 시공/양생,온도균열 방지 대책,매스콘크리트 구조물에서 시멘트 수화열로 인해 내부 온도가 급상승했다가 냉각되는 과정에서 발생하는 '온도균열'을 방지하기 위한 대책 3가지를 쓰시오.,1. 단위시멘트량을 줄이고 저발열 시멘트를 사용한다. 2. 플라이애시 등을 혼입하여 수화열을 저감한다. 3. 파이프쿨링(냉각수 순환) 또는 프리쿨링 공법을 적용한다.,대형 매스콘크리트 구조물의 수화열 균열을 억제하기 위한 종합적인 온도 제어 대책입니다.
철근콘크리트공사,콘크리트 시공/양생,콘크리트 헤드(Concrete Head)의 정의,거푸집 측압을 계산할 때 기준이 되는 '콘크리트 헤드'의 정확한 정의를 쓰시오.,타설된 콘크리트 상부 윗면으로부터 측압을 최대로 받는 지점(또는 거푸집 하단)까지의 수직 거리,거푸집 설계 시 측압 산정의 크기를 결정하는 핵심 수직 높이 변수입니다.
철근콘크리트공사,콘크리트 시공/양생,컨스트럭션 조인트 vs 콜드 조인트,"시공 계획에 따라 이어치기 위해 계획된 (1) 컨스트럭션 조인트와, 작업 중단 등으로 인해 이미 굳기 시작한 곳에 새로 타설하여 일체화가 저해되는 (2) 콜드 조인트의 차이를 설명하시오.",(1) 컨스트럭션 조인트: 시공상 필요에 의해 계획적으로 설치한 이음 (2) 콜드 조인트: 이어치기 시간 간격 초과 등으로 인해 콘크리트가 일체화되지 못하고 결함이 생긴 이음,계획 유무와 시공 품질 결함 여부에 따른 시공 이음의 분류입니다.
철근콘크리트공사,콘크리트 시공/양생,매스콘크리트 선행냉각(Pre-Cooling),매스콘크리트 수화열 저감을 위해 타설 전 콘크리트 재료의 온도를 낮추는 '선행냉각'의 개념과 이에 사용되는 대표적인 재료 2가지를 쓰시오.,"(1) 개념: 타설 전 골재나 배합수의 온도를 낮추어 콘크리트 초기 온도를 저감하는 방법 (2) 사용 재료: 얼음(Ice), 액체질소(Liquid Nitrogen)",콘크리트 최고 온도 상승을 억제하여 온도 균열을 방지하는 사전 냉각 기법입니다.
철근콘크리트공사,콘크리트 시공/양생,건조수축 균열 제어 대책,콘크리트 바닥이나 벽체에서 건조수축 및 온도 변화에 의해 불규칙하게 발생하는 균열을 유도하기 위해 인위적으로 표면에 설치하는 줄눈의 명칭은?,조절줄눈 (Control Joint 또는 수축줄눈),구조물의 미관과 균열 위치를 제어하기 위해 파절선을 만들어주는 줄눈입니다.
철근콘크리트공사,콘크리트 시공/양생,이어치기 시간 간격 한도,"외기온도가 25℃ 미만일 때와 25℃ 이상일 때, 콘크리트를 연속 타설하는 도중 허용되는 이어치기 시간 간격의 한계를 각각 쓰시오.",25℃ 미만: 120분 이내 / 25℃ 이상: 90분 이내,이어치기 지연으로 인한 콜드 조인트 발생을 예방하기 위한 현장 시공 제한 시간입니다.
철근콘크리트공사,콘크리트 시공/양생,레미콘 현장 도착 인수검사,"레디믹스트 콘크리트 트럭이 공사 현장에 도착했을 때, 품질을 확인하기 위해 현장에서 실시하는 필수 검사 항목 4가지를 쓰시오.",1. 슬럼프 시험 2. 공기량 측정 3. 염화물 함유량 측정 4. 압축강도 공시체 제작,현장 반입 단계에서 규격 적합성을 판정하여 불량 콘크리트의 타설을 차단하는 검사입니다.
철근콘크리트공사,품질/하자/특수콘크리트,숏크리트(Shotcrete) 공법,터널 굴착면이나 흙막이 비탈면에 콘크리트를 압축공기로 고속 분사하여 타설하는 숏크리트 공법의 정의와 장·단점을 각각 쓰시오.,(1) 정의: 노즐을 통해 모르타르나 콘크리트를 압송 분사하여 부착시키는 공법 (2) 장점: 거푸집이 불필요하고 부착성이 좋음 (3) 단점: 분진 및 리바운드(손실)가 발생함,지하 터널 및 사면 보호 공사에서 신속한 지지력을 발휘하는 타설 공법입니다.
철근콘크리트공사,품질/하자/특수콘크리트,고강도 콘크리트 폭렬 방지 대책,화재 발생 시 고강도 콘크리트 내부의 수증기가 외부로 빠져나가지 못해 폭발하듯 파괴되는 '폭렬(Explosion)' 현상을 방지하기 위한 대책 2가지를 쓰시오.,1. 폴리프로필렌 등 합성섬유(유기섬유)를 혼입하여 통로 확보 2. 내화 피복 공법 적용 또는 피복두께 증대,고강도 콘크리트의 고밀도 특성으로 인한 화재 시 파열 취약성을 보완하는 대책입니다.
철근콘크리트공사,품질/하자/특수콘크리트,경화 콘크리트 비파괴 시험 종류,이미 시공되어 굳은 콘크리트 구조물을 파괴하지 않고 압축강도를 추정하기 위해 현장에서 활용하는 비파괴 시험 방법 3가지를 쓰시오.,1. 슈미트 해머법 (반발경도법) 2. 초음파 속도법 (음속법) 3. 공진법,기존 구조물의 안전 진단 및 품질 평가 시 파괴 없이 강도를 가늠하는 시험 기법입니다.
철근콘크리트공사,품질/하자/특수콘크리트,알칼리-골재반응 방지 대책,시멘트 속 알칼리 성분과 골재 내 실리카 성분이 반응하여 팽창성 젤을 생성해 균열을 유발하는 '알칼리골재반응'을 방지하기 위한 대책 3가지를 쓰시오.,"1. 저알칼리 시멘트 사용 (알칼리 함량 0.6% 이하) 2. 알칼리 반응에 무해한 안전한 골재 사용 3. 플라이애시, 고로슬래그 등 혼화재 사용",콘크리트 자체의 화학적 팽창 파괴를 예방하기 위한 재료적 통제 대책입니다.
철근콘크리트공사,품질/하자/특수콘크리트,한중콘크리트 시공 기준,"동절기 한중콘크리트 시공 시 (1) 물과 골재의 가열 또는 타설 시 최소 콘크리트 온도, (2) 공기량 기준, 그리고 (3) 초기 동해 방지를 위해 반드시 사용해야 하는 혼화제의 종류를 각각 쓰시오.",(1) 타설 온도 4℃ 이상 유지 (2) 공기량 4~6% (또는 6% 이하) (3) AE제 (또는 AE감수제),영하의 기온에서 콘크리트가 동결되는 것을 막고 소요 강도를 확보하기 위한 시공 기준입니다.
철근콘크리트공사,품질/하자/특수콘크리트,크리프(Creep) 현상의 정의,"콘크리트 구조물에 지속적인 하중이 장기간 작용할 때, 추가적인 하중 증가가 없음에도 불구하고 시간 경과에 따라 변형(처짐)이 계속 증가하는 소성 변형 현상의 명칭은?",크리프 (Creep) 현상,콘크리트 재료가 가지는 대표적인 시간 의존적 탄·소성 변형 특성입니다.
철근콘크리트공사,품질/하자/특수콘크리트,폭렬현상(Explosive Fracture) 정의,"고강도 콘크리트가 화재 시 고열에 노출될 때, 내부에 갇힌 수분이 급격히 팽창하여 수증기압을 이기지 못하고 표면 부재가 파열되는 현상의 명칭과 원인을 설명하시오.",(1) 명칭: 폭렬현상 (2) 설명: 고밀도 콘크리트 내부의 수증기 압력 상승으로 인한 표면 파열,고강도 건물의 화재 안전성 확보 시 핵심적으로 다루어지는 하자 현상입니다.
철골(강구조)공사,철골 가공/조립,방청도장(녹막이칠) 제외 부위,철골 부재 제작 시 공장에서 녹막이칠(방청페인트)을 도장하지 않고 생략해야 하는 대표적인 부위 4가지를 쓰시오.,1. 콘크리트에 매립되는 부위 2. 현장 용접부 양측 100mm 이내 3. 고장력 볼트 접합부의 마찰면 4. 조립에 의해 밀착되어 맞닿는 면,"도장으로 인한 콘크리트 부착력 저하, 용접 결함, 마찰력 감소를 방지하기 위함입니다."
철골(강구조)공사,철골 가공/조립,메탈터치(Metal Touch)의 정의,"강구조 기둥 이음부에서 상·하부 철골면을 정밀하게 기계 가공하여 완전히 밀착시키고, 외력에 의한 축력의 일정 비율(50%)을 접합면을 통해 직접 전달하는 접합 방식을 무엇이라 하는가?",메탈터치 (Metal Touch),고층 철골 기둥의 수직 하중을 효과적으로 전달하기 위한 정밀 이음 방식입니다.
철골(강구조)공사,철골 가공/조립,기초 앵커볼트 매입 공법,철골 기둥을 하부 콘크리트 기초에 고정하기 위해 기초 판에 앵커볼트를 설치하는 대표적인 공법 3가지를 쓰시오.,1. 고정 매입법 2. 가동 매입법 3. 나중 매입법,철골 세우기 전 정확한 위치에 앵커볼트를 고정하기 위한 시공 공법들입니다.
철골(강구조)공사,철골 가공/조립,칼럼 쇼트닝(Column Shortening),"초고층 강구조 건축물 시공 시, 기둥이 받는 거대한 압축 하중, 재료의 탄성 변형, 건조수축 및 크리프 등으로 인해 건물의 전체 높이가 줄어드는 현상의 명칭은?",칼럼 쇼트닝 (Column Shortening),초고층 철골 구조 설계 및 시공 시 반드시 보정해야 하는 수직 변위 현상입니다.
철골(강구조)공사,철골 가공/조립,철골 주각부 현장 시공 순서,현장에서 철골 기둥의 하부 주각부(Base Plate)를 설치하고 고정하는 표준 시공 순서 5단계를 올바르게 나열하시오.,기초 상부 고름질 -> 앵커볼트 설치 -> 철골 기둥 세우기 -> 가조립 및 수직·수평 변형 바로잡기 -> 무수축 모르타르 채우기,철골 골조 공사의 첫 단계인 주각부 설치의 표준 공정 순서입니다.
철골(강구조)공사,철골 가공/조립,고장력볼트 장력 기준,고장력볼트 접합 시 볼트에 도입해야 하는 설계 장력 및 조임 작업과 관련된 기준 수치들을 빈칸에 맞게 쓰시오.,1. 표준 장력 2. 설계 장력 3. 토크 컨트롤 법,고장력볼트의 마찰 접합 성능을 확보하기 위한 장력 관리 기준입니다.
철골(강구조)공사,철골 가공/조립,매입형 합성기둥 정의,철골 기둥 주변에 철근을 배근하고 그 주위에 고강도 콘크리트를 타설하여 강재와 콘크리트가 일체 되어 하중에 저항하도록 만든 구조의 명칭은?,매입형 합성기둥 (Encased Composite Column),강구조와 RC구조의 장점을 결합한 대표적인 합성 구조 시스템입니다.
철골(강구조)공사,철골 가공/조립,시어커넥터(Shear Connector) 역할,"철골보 상부에 데크플레이트를 설치하고 콘크리트를 타설하는 강합성 구조에서, 강재와 콘크리트를 일체화시켜 전단력을 전달하는 부재(스터드 볼트 등)의 명칭과 역할을 쓰시오.",(1) 명칭: 시어커넥터 (2) 역할: 강재 보와 슬래브 콘크리트 간의 전단력을 전달하여 일체로 거동하게 함,강재와 콘크리트의 합성 효과를 극대화하기 위해 용접하는 연결 부재입니다.
철골(강구조)공사,철골 가공/조립,철골 볼트 구멍 관련 용어,철골 부재에 볼트를 배치할 때 구멍 중심 간의 간격과 관련된 다음 용어들을 설명하시오. (1) 피치 (2) 게이지 라인 (3) 게이지,(1) 피치: 부재 길이 방향의 볼트 중심 간격 (2) 게이지 라인: 볼트 구멍의 열 중심선 (3) 게이지: 볼트 구멍 열 간의 간격,철골 도면 작성 및 제작 시 볼트 구멍 배치를 규정하는 기본 용어들입니다.
철골(강구조)공사,용접/접합/결함,라멜라 테어링(Lamellar Tearing),"철골 용접 시 T형 이음이나 구석 이음 부위에서 두께 방향으로 강한 인장 구속력이 작용할 때, 용접 금속의 수축 응력으로 인해 강판의 층상 구조 사이가 계단 모양으로 찢어지는 용접 결함의 명칭은?",라멜라 테어링 (Lamellar Tearing),후판 강재 용접 시 두께 방향의 인장 응력에 의해 발생하는 층상 박리 균열입니다.
철골(강구조)공사,용접/접합/결함,대표적인 용접 결함 종류,철골 용접 작업 시 발생할 수 있는 다음 결함들의 영문 명칭 또는 용어를 각각 쓰시오. (1) 용접선이 겹쳐서 융합되지 않은 결함 (2) 모재가 파여 홈으로 남은 결함 (3) 용접부에 슬래그가 말려 들어간 결함 (4) 가스가 빠져나가지 못해 생긴 빈구멍,(1) 오버랩 (Overlap) (2) 언더컷 (Undercut) (3) 슬래그 감싸들기 (4) 블로우홀 (Blowhole),철골 구조물의 안전성을 저해하는 대표적인 용접부 결함 유형들입니다.
철골(강구조)공사,용접/접합/결함,스캘럽(Scallop)의 정의,"철골 구조에서 이음 부위의 용접선이 교차할 때, 이미 용접된 부위가 재용접으로 인해 취해지는 것을 방지하기 위해 모재의 모서리를 부채꼴 모양으로 깎아내는 가공의 명칭은?",스캘럽 (Scallop),교차 용접부의 응력 집중과 결함 발생을 방지하기 위한 모따기 가공입니다.
철골(강구조)공사,내화/기타,철골 습식 내화피복 공법 종류,화재 시 철골의 고온으로 인한 강도 저하를 방지하기 위해 현장에서 습식 재료를 사용하여 철골을 피복하는 대표적인 공법 4가지를 쓰시오.,1. 뿜칠 공법 2. 미장 공법 3. 타설 공법 4. 조적 공법,내화 성능을 확보하기 위해 물과 혼합된 재료를 철골 표면에 시공하는 공법들입니다.
철골(강구조)공사,내화/기타,베이스 플레이트 하부 충전재,"철골 기둥 하부의 베이스 플레이트(Base Plate) 설치 완료 후, 기초 콘크리트 상단과의 빈틈을 밀실하게 채워 하중을 균등하게 전달하기 위해 사용하는 무수축 모르타르의 명칭은?",무수축 모르타르 (Non-shrink Mortar),철골 기둥의 하중을 기초에 틈 없이 전달하기 위한 필수 채움 자재입니다.
조적 및 기타 마감공사,조적공사,시멘트벽돌 적산 문제,"시멘트벽돌 1.0B 두께로 가로 15m, 세로 3m인 벽체를 쌓을 때 소요되는 벽돌 소요량과 모르타르량을 산출하시오.","벽돌량: 약 7,041매 / 모르타르량: 약 2.21세제곱미터",할증률(3~5%) 및 표준 소요 지침을 적용하여 벽면적에 비례하여 산출합니다.
조적 및 기타 마감공사,조적공사,조적공사 시방 기준,"벽돌조 시공 시 준수해야 할 표준 시방 기준 중 (1) 표준 줄눈 너비, (2) 대표적인 내력벽 쌓기 방식, (3) 하루 최대 쌓기 높이 기준을 각각 쓰시오.",(1) 10mm (2) 영식쌓기 또는 화란식쌓기 (3) 최대 1.2m (보통 1.2~1.5m 이하),조적벽의 구조적 건전성과 모르타르 양생을 고려한 표준 시방 기준입니다.
조적 및 기타 마감공사,조적공사,백화(Efflorescence) 방지 대책,벽돌벽 표면에 시멘트나 모르타르 속의 가용성 염류가 수분과 함께 이동하여 하얗게 피어나는 '백화 현상'을 방지하기 위한 대책 2가지를 쓰시오.,1. 우중(비 오는 날) 시공을 철저히 금지한다. 2. 시공 완료 후 표면에 발수제(실리콘 등)를 도포한다.,미관을 해치는 백화 현상을 예방하기 위한 수분 침투 차단 대책입니다.
조적 및 기타 마감공사,조적공사,영식쌓기의 구조적 특징,"벽돌쌓기 방법 중 길이쌓기와 마구리쌓기를 매 켜마다 번갈아 가며 쌓고, 모서리 처리에 반절이나 이오토막을 사용하여 통줄눈이 생기지 않도록 하는 '영식쌓기'의 특징을 설명하시오.",길이쌓기와 마구리쌓기를 교대로 배치하고 통줄눈을 방지하여 벽돌벽 중 가장 튼튼하고 구조적으로 우수한 쌓기 방식임,벽돌조의 구조적 강도를 극대화할 수 있는 전통적인 벽돌 쌓기 형식입니다.
조적 및 기타 마감공사,조적공사,특수 벽돌 쌓기 방식,다음 설명에 해당하는 특수한 벽돌 쌓기 명칭을 각각 쓰시오. (1) 담이나 처마의 끝부분을 45도 방향으로 경사지게 돌출시켜 쌓는 방식 (2) 벽면에 구멍을 규칙적으로 내어 통풍과 장식 효과를 동시에 얻는 방식,(1) 엇모쌓기 (2) 영롱쌓기,미관적 장식 또는 채광·통풍 등 특수한 목적을 위해 적용하는 쌓기 기법입니다.
조적 및 기타 마감공사,방수/도장/미장,바닥 미장공사 품셈 산출,"바닥 미장 면적이 1000제곱미터이고, 1일 10인의 작업 인원이 투입될 때 표준 품셈 기준(1제곱미터당 0.05인 가정)에 따른 총 작업 소요일수를 산출하시오.",작업 소요일 = 5일 (1000 * 0.05 / 10 = 5일),건설 적산 표준품셈을 활용하여 공사 기간 및 투입 인원을 산출하는 계산 문제입니다.
조적 및 기타 마감공사,방수/도장/미장,조적조 외부벽면 방수 공법,조적조 지상층 외부 벽면에 빗물 침투를 막기 위해 적용하는 대표적인 방수 및 표면 처리 공법 3가지를 쓰시오.,1. 시멘트 모르타르계 방수 2. 규산질계 도포 방수 3. 발수제 도포 공법,조적 벽체의 누수를 방지하기 위해 외벽에 시공하는 방수 시스템들입니다.
조적 및 기타 마감공사,방수/도장/미장,유성바니시 구성 성분,목재 투명 도장 시 사용하는 '유성바니시(Varnish)'의 주된 도막 형성 및 건조를 좌우하는 핵심 구성 성분 3가지를 쓰시오.,1. 수지 (도막 형성 주체) 2. 건성유 (식물성 건조유) 3. 건조제 (경화 촉진 성분),목재 표면 보호와 광택을 내기 위한 유성 도료의 기본 배합 성분입니다.
조적 및 기타 마감공사,방수/도장/미장,타일 탈락(박락) 원인,벽체나 바닥에 붙인 타일이 시간이 지나 떨어지는 '타일 탈락' 현상의 주된 원인 2가지를 쓰시오.,1. 붙임 모르타르의 접착 강도 부족 및 바탕 처리 불량 2. 붙임 시간(Open Time) 경과 후 타일 부착,타일 시공 시 하자를 유발하는 대표적인 시공 부실 원인입니다.
조적 및 기타 마감공사,방수/도장/미장,목재 방부 및 방충 처리법,목공사 시 부식이나 해충(흰개미 등) 피해를 방지하기 위해 목재에 방부제를 침투시키는 대표적인 처리 방법 3가지를 쓰시오.,1. 도포법 (붓이나 스프레이로 바르기) 2. 침지법 (방부제 용액에 담그기) 3. 가압주입법 (압력을 가해 깊숙이 침투시키기),목재의 내구성을 높이기 위해 현장 또는 공장에서 처리하는 방부 기법입니다.
조적 및 기타 마감공사,방수/도장/미장,징두리벽의 정의,실내 벽체 하부 오염이나 파손을 방지하기 위해 바닥에서 약 1m~1.5m 높이까지 목재 판재나 타일 등으로 마감한 부위를 무엇이라 하는가?,징두리벽 (또는 징두리 판벽),실내 하부 마감의 보호 및 의장적 효과를 위해 설치하는 벽체 마감 부위입니다.
조적 및 기타 마감공사,방수/도장/미장,경질 석재 물갈기 공정 순서,건축공사표준시방서에 규정된 경질 석재(화강암 등) 표면을 매끄럽게 연마하는 '물갈기 마감 공정'의 올바른 순서를 쓰시오.,정갈기 -> 거친갈기 -> 물갈기 -> 본갈기,석재 표면을 거친 상태에서 거울처럼 광이 날 때까지 단계별로 연마하는 공정 순서입니다.
조적 및 기타 마감공사,방수/도장/미장,가연성 도료 창고 구비 조건,유성페인트 등 가연성 도료를 보관하는 도료창고가 갖추어야 할 법정 구비 조건 3가지를 쓰시오.,1. 주위 건물에서 일정 거리 이상 떨어진 독립된 단층 건물 2. 내화구조 또는 방화구조로 구획 3. 지붕은 가벼운 불연재로 하고 천장 설치 금지,화재 및 폭발 사고를 예방하기 위한 위험물 보관 창고의 안전 기준입니다.
조적 및 기타 마감공사,방수/도장/미장,건식 벽체 석고보드 시공 순서,스터드 벽체 양면에 석고보드와 단열재를 시공할 때의 일반적인 작업 공정 순서를 올바르게 쓰시오.,바탕처리 -> 벽체 틀(스터드) 설치 -> 1차 석고보드 붙이기 -> 단열재 채우기 -> 2차 석고보드 붙이기 -> 최종 마감,"건식 경량 벽체 시공 시 골조와 단열, 마감판 부착의 표준 순서입니다."
조적 및 기타 마감공사,방수/도장/미장,발포 폴리스티렌 단열재 종류,건축용 단열재로 널리 쓰이는 발포 폴리스티렌(PS) 단열재의 제조 방식 및 종류 3가지를 쓰시오.,1. 비드법 보온판 1종 2. 비드법 보온판 2종 (개질형) 3. 압출법 보온판 (XPS),단열 성능과 제조 밀도에 따라 분류되는 대표적인 스티로폼 계열 단열재입니다.
조적 및 기타 마감공사,방수/도장/미장,타일 붙이기 공법 및 줄눈 종류,다음 타일 시공과 관련된 용어들을 각각 설명하시오. (1) 떠붙임 공법 (2) 압착붙임 공법 (3) 신축줄눈,(1) 떠붙임 공법: 타일 뒷면에 모르타르를 듬뿍 떠서 벽체에 직접 붙이는 방식 (2) 압착붙임 공법: 바탕에 모르타르를 바르고 타일을 망치로 두드려 밀어 붙이는 방식 (3) 신축줄눈: 바탕의 신축에 따른 균열을 흡수하기 위해 설치하는 줄눈,타일 시공법 및 벽체 변형 수용을 위한 필수 이음새 규정입니다.
조적 및 기타 마감공사,방수/도장/미장,목재 바니쉬칠 공정 순서,"목재 면에 투명 도장(바니쉬칠)을 할 때의 표준 작업 공정 순서(바탕처리, 눈먹임, 색올림, 왁스 문지름)를 기호 또는 순서대로 쓰시오.",바탕처리 -> 눈먹임 -> 색올림 -> 왁스 문지름,목재 바탕을 다듬고 칠을 완성하는 표준 도장 공정 순서입니다.
조적 및 기타 마감공사,방수/도장/미장,방부·방충 목재 의무 사용 부위,건축 공사 시 반드시 방부 또는 방충 처리된 목재를 사용해야 하는 대표적인 위치 2가지를 쓰시오.,1. 외부에 노출되어 지면과 접하거나 버팀기둥으로 쓰이는 목재 부위 2. 급·배수 시설에 인접하여 상시 습기에 노출되어 부식 우려가 있는 부위,습기나 해충으로 인해 쉽게 부식되는 취약 부위의 목재 사용 기준입니다.
조적 및 기타 마감공사,방수/도장/미장,기경성 vs 수경성 미장재료,미장 재료 중 공기 중에서만 경화되는 (1) 기경성 재료와 물과 반응하여 굳는 (2) 수경성 재료의 대표적인 종류를 각각 2가지씩 쓰시오.,"(1) 기경성: 진흙, 회반죽 (2) 수경성: 시멘트 모르타르, 무수석고 플라스터",경화 매커니즘에 따른 미장 재료의 화학적 분류입니다.
조적 및 기타 마감공사,방수/도장/미장,파손된 석재 보수 접착제,건축물 내외장 공사 중 깨지거나 금이 간 석재 부재를 강력하게 접합하고 보수할 때 주로 사용하는 대표적인 합성수지 접착제의 명칭은?,에폭시 접착제 (Epoxy Resin),강도가 높고 접착력이 우수하여 석재 보수에 널리 쓰이는 접착제입니다.
조적 및 기타 마감공사,창호/유리/커튼월,로이 3중 유리(Low-E Glass) 정의,유리 표면에 은(Silver) 등 금속산화물을 얇게 코팅하여 태양의 가시광선은 투과시키고 적외선은 반사하여 단열 성능을 극대화한 유리와 단열 간봉의 특징을 쓰시오.,(1) 로이 유리: 열적외선 반사 코팅으로 열관류율을 낮춘 고효율 단열 유리 (2) 단열 간봉: 복층유리 가장자리에서 열전도를 차단하는 단열 소재의 간격재,에너지 절약형 친환경 건축물의 창호에 필수적으로 적용되는 고성능 유리입니다.
조적 및 기타 마감공사,창호/유리/커튼월,커튼월 성능 실물모형시험(Mock-Up Test),"금속 커튼월 공사 전, 실제 현장과 동일한 조건의 대형 시험체를 제작하여 풍압, 누수 등에 대한 성능을 검증하기 위해 실시하는 4대 시험 항목을 쓰시오.","기밀성능 시험, 수밀성능 시험, 구조성능 시험, 층간변위(영구변형) 시험",커튼월 외장의 풍압 저항 및 누수 방지 성능을 사전에 실증하는 필수 시험입니다.
조적 및 기타 마감공사,창호/유리/커튼월,창호 재질별 도면 기호,"건축 설계 도면에서 사용되는 창호의 재질 및 종류별 표준 기호(WD, WW, SD, SW 등)의 의미를 바르게 이해하고 표기한다.","(도면 기호표 참조 - WD: 목재문, SD: 철제문, AW: 알루미늄창 등)",도면 판독을 위한 표준 창호 약어 표기법입니다.
조적 및 기타 마감공사,창호/유리/커튼월,로이유리 및 단열간봉,다음 창호 관련 자재들을 각각 설명하시오. (1) 로이 유리 (2) 단열 간봉,(1) 로이 유리: 금속 박막 코팅으로 실내 열 손실을 막아주는 단열 유리 (2) 단열 간봉: 복층유리 테두리 결로를 방지하기 위해 열전도율이 낮은 플라스틱 계열로 만든 간격재,창호 전체의 열관류율을 낮추기 위한 핵심 단열 자재들입니다.
조적 및 기타 마감공사,창호/유리/커튼월,커튼월 유리의 열파손 메커니즘,"커튼월 대형 유리에서 태양광을 받는 유리 중앙부는 온도가 올라가 팽창하고, 알루미늄 프레임에 묻힌 주변부는 저온 상태를 유지하여 수축함으로써 발생하는 온도 차이로 인해 유리가 깨지는 현상의 명칭과 원인을 설명하시오.",(1) 명칭: 유리의 열파손 (2) 원인: 유리 중앙부와 주변부의 온도 불균형에 따른 열팽창 차이로 인한 파괴,직사광선이 강한 고층 커튼월 빌딩에서 발생하기 쉬운 유리 파손 메커니즘입니다.
조적 및 기타 마감공사,창호/유리/커튼월,커튼월 알루미늄바 누수 방지 대책,커튼월 알루미늄 커튼월 프레임 접합부 등에서 빗물이 실내로 유입되는 것을 방지하기 위해 시공 측면에서 취해야 할 대책 4가지를 쓰시오.,"1. 알루미늄바 상하·좌우 접합부에 실런트를 빠짐없이 충전한다. 2. 스크류 고정 부위에 방수 실링을 한다. 3. 패널과 프레임 틈새에 코킹 처리를 철저히 한다. 4. 위프홀(Weep Hole, 물구멍)을 설치하여 유입된 물을 외부로 배출한다.",커튼월 수밀성을 완벽하게 확보하기 위한 시공상 방수 및 배수 대책입니다.
조적 및 기타 마감공사,창호/유리/커튼월,접합 유리 및 로이 유리 정의,다음 특수 유리의 개념을 각각 간단히 설명하시오. (1) 접합 유리 (2) 로이 유리,(1) 접합 유리: 2장 이상의 판유리 사이에 PVB 등 강력한 필름을 넣고 압착한 안전 유리 (2) 로이 유리: 금속막 코팅으로 복사열을 반사하여 단열성을 높인 에너지 절약형 유리,안전성과 단열성을 동시에 만족시키기 위해 개발된 기능성 특수 유리입니다.
조적 및 기타 마감공사,창호/유리/커튼월,커튼월 앵커 긴결 방식,"커튼월을 구조체에 고정할 때, 건물의 층간 변위, 지진, 열팽창 등으로 인한 변형을 흡수하기 위해 적용하는 앵커의 3대 긴결 방식(이동 방식)을 쓰시오.",1. 수평이동 방식 2. 고정 방식 3. 회전 방식,구조체 거동에 따른 커튼월의 파손을 막기 위한 3가지 표준 긴결 메커니즘입니다.
조적 및 기타 마감공사,창호/유리/커튼월,드라이브 핀(Drive Pin)의 정의,화약의 폭발력이나 전용 타격 건(Nail Gun)을 이용하여 콘크리트나 철골 강재 부재에 단단히 박아 고정하는 특수 못의 명칭은?,드라이브 핀 (Drive Pin),콘크리트 면 등에 철물이나 목재를 신속하게 고정할 때 사용하는 특수 시공구입니다.
조적 및 기타 마감공사,기타구조/내진,반응수정계수와 내진 연성,"내진설계 시 구조부재의 연성 능력과 지진하중의 크기 간의 관계를 나타내며, 지진력저항시스템의 에너지를 흡수하는 능력을 반영하는 계수의 명칭은?","반응수정계수 (Response Modification Coefficient, R)",건물의 지진력 산정 시 구조물의 연성도에 따라 나누어 적용하는 핵심 내진계수입니다.
조적 및 기타 마감공사,기타구조/내진,면진구조(Seismic Isolation)의 정의,"건축물 기초나 하부 구조 중간에 적층고무나 미끄럼받이 등의 면진 장치를 설치하여, 지진 발생 시 지반의 진동이 상부 구조물로 직접 전달되는 것을 차단하고 흔들림을 대폭 줄이는 구조의 명칭은?",면진구조 (Seismic Isolation Structure),지진 에너지를 유연하게 격리하여 건물의 손상을 최소화하는 첨단 내진 시스템입니다.
조적 및 기타 마감공사,기타구조/내진,내진설계 지반 분류 기준,건축물 내진설계 시 지반의 동적 특성을 반영하기 위해 지표면 근처의 평균 전단파속도 등을 기준으로 지반을 분류하는 조사 및 시험 항목은?,탄성파 시험 및 시추조사 (지반 분류: S_A ~ S_E 등급),건설지진하중 산정의 기초가 되는 부지 조건 평가를 위한 지반 조사 기준입니다.
조적 및 기타 마감공사,기타구조/내진,내진 설계 지진력저항시스템 용어,"건축구조기준에 따른 내진설계 시 건물이 지진력에 저항하기 위해 갖추어야 할 시스템 명칭과, 연성 및 강도를 반영하는 설계 계수들의 통칭을 쓰시오.","지진력저항시스템 (Lateral Force Resisting System) 및 반응수정계수, 시스템초과강도계수",건축물의 내진 성능을 수치적으로 설계에 반영하기 위한 구조 공학적 체계입니다.
조적 및 기타 마감공사,기타구조/내진,동적해석법 종류 3가지,건축구조물의 내진 설계 시 지진동에 따른 거동을 시뮬레이션하기 위해 적용하는 동적 구조 해석 방법 3가지를 쓰시오.,1. 응답스펙트럼 해석법 2. 탄성 시간이력 해석법 3. 비탄성 시간이력 해석법,고층이거나 정형화되지 않은 건물의 지진 안전성을 정밀 평가하는 해석 기법입니다.
조적 및 기타 마감공사,기타구조/내진,방재 구조 시스템 3가지,"건축물의 내진 성능 확보 방식을 기능에 따라 분류한 (1) 내진구조, (2) 제진구조, (3) 면진구조의 개념을 간단히 비교하여 설명하시오.",(1) 내진구조: 튼튼한 부재로 지진에 저항 (2) 제진구조: 댐퍼 등 제진 장치로 지진 에너지를 흡수 (3) 면진구조: 지반과 건물을 분리하여 진동 차단,지진 방재 수준과 구조적 메커니즘에 따른 3대 구조 시스템 분류입니다.
조적 및 기타 마감공사,기타구조/내진,전이보(Transfer Girder) 설치 이유,"다세대주택이나 주상복합 건물의 필로티 구조 등에서, 1층의 상가 공간과 2층 이상의 주거 공간 사이에서 기둥의 위치나 벽체 배치가 상이할 때 하중을 안전하게 하부로 전달하기 위해 춤이 큰 보를 설치하는 이유는?","상부층의 벽체나 기둥이 하부로 연속되지 못하므로, 하중을 전이시켜 다른 위치의 하부 기둥이나 벽체로 안전하게 분산·전달하기 위함",상·하부 구조 변동에 따른 하중 전달 경로 확보를 위해 설치하는 전이 구조의 목적입니다.
조적 및 기타 마감공사,기타구조/내진,내진 설계 지진하중계수 적용,"강도설계법 또는 한계상태설계법을 이용하여 건축물 구조 계산을 수행할 때, 지진하중 조합에 적용하는 지진하중계수의 표준 크기는 얼마로 규정되어 있는가?",1,구조 설계 기준에 따라 지진하중 조합 시 일괄 적용되는 하중계수 값입니다.
조적 및 기타 마감공사,설계도서,설계도서 상충 시 우선순위,"국토교통부 고시 건축물의 설계도서 작성기준에 따라, 공사시방서, 설계도면, 공사내역서, 표준시방서 등의 내용이 서로 상충할 때 적용되는 우선순위 순서를 바르게 나열하시오.",공사시방서 -> 설계도면 -> 공사(산출)내역서 -> 전문시방서 -> 표준시방서,공사 현장에서 설계도서 해석상 모순이 발생했을 때 법적·기준적 적용 순서입니다.
조적 및 기타 마감공사,VE,가치공학(Value Engineering) 공식,"건축 공사비 절감과 품질 향상을 동시에 도모하는 VE(Value Engineering) 기법에서, 가치(Value)를 나타내는 기본 공식 $V = F / C$의 각 기호가 뜻하는 단어를 쓰시오.","V: Value (가치), F: Function (기능), C: Cost (비용)",최소의 비용으로 필요한 기능을 극대화하여 경제성과 성능을 높이는 기법의 정의식입니다.
공정 및 적산,공정관리,네트워크 공정표 종류,"공정관리 기법 중 작업 중심의 PDM, 공정 및 활동을 화살표로 연결하는 ADM, 확률적 공기 계산을 수행하는 PERT 등 네트워크 공정표의 종류를 쓰시오.",① PERT ② ADM (화살표 네트워크) ③ PDM (프레임 네트워크),건설 프로젝트의 공기 산정과 공정 최적화를 위해 사용하는 네트워크 기법들입니다.
